{"rmse": 0.9460109741061113, "r2": 0.807785235793862, "mae": 0.5727251158018898}