{"rmse": 0.9309043919507877, "r2": 0.8138750676418166, "mae": 0.5508530203607719}