{"rmse": 0.956919516512451, "r2": 0.8033267843263271, "mae": 0.5787981484446765}