{"rmse": 0.9660753074751229, "r2": 0.7995452471151849, "mae": 0.5900528469643488}