{"rmse": 0.9368904123863491, "r2": 0.8114736828687845, "mae": 0.5626217272207529}